Time (s),Linear Acceleration x (m/s^2),Linear Acceleration y (m/s^2),Linear Acceleration z (m/s^2),Absolute acceleration (m/s^2)
0.0,0.0,0.0,0.0,0.0
0.019454333349131048,-0.03583104316145182,-0.015326283127069474,-0.037154962420463566,0.05384468256935848
0.029411333380267024,-0.05530925139784813,-0.030364225432276726,-0.06934680819511414,0.09375542268659683
0.039367333345580846,-0.018675714433193207,-0.07667782790958881,-0.043859964609146124,0.0902882500552439
0.04932333336910233,-0.04208434794098139,-0.10700653150677682,-0.0015845954418182374,0.1149956567416467
0.05927933333441615,-0.017306296527385714,-0.14005426347255706,0.004981243014335632,0.14120735603467016
0.06923533335793763,0.017445423714816572,-0.11976413279771805,-0.04012710213661194,0.1275067631118484
0.07919133338145912,0.00046872742474079137,-0.0673636519163847,-0.04055219471454621,0.07862926809450164
0.08914733334677294,0.012361415885388851,-0.033758607208728794,-0.018774240016937258,0.04055761644350353
0.09910433337790892,0.02513809371739626,-0.0529854217171669,0.016649361848831177,0.06096375907261571
0.10906033334322274,0.0009809069707989693,-0.04252921141684055,0.028612765073776247,0.051267790350187636
0.11901633336674422,-0.009239514358341694,0.025148143619298936,0.03136797308921814,0.041252242227554144
0.12897233333205804,-0.015531995482742787,0.08667013473808766,0.06316805541515351,0.10836585423520693
0.13892833335557953,-0.023756542839109898,0.13570232704281807,0.1263121372461319,0.18690706489640269
0.148884333379101,-0.04485837668180466,0.15564995706081391,0.16959907472133637,0.2345272462591358
0.15884133335202932,-0.060541084147989754,0.14717207908630373,0.2160195350646973,0.2683081870945559
0.1687973333755508,-0.06609926462173463,0.12787071257829666,0.2256136465072632,0.26762202713737854
0.17875333334086463,-0.029246749430894853,0.13012181751430035,0.13909239649772645,0.19270120526083684
0.1887093333643861,0.008240554109215736,0.15669434286653997,0.07326093435287476,0.17317098001876619
0.19866533332969993,0.03811518486589194,0.2022975817322731,0.04625147581100464,0.21098880990892097
0.20862133335322142,0.07898608937859536,0.27615990221500397,0.01379884421825409,0.2875647788038091
0.2185773333767429,0.1154186648502946,0.3392979906499386,0.05679517507553101,0.36286400560922366
0.22853433334967121,0.1380988083779812,0.3197560843080282,0.10869740009307861,0.3648703319186366
0.2384903333731927,0.11406485170125961,0.2710577680170536,0.13297328531742098,0.322746028022229
0.24844633333850652,0.081856450997293,0.18045633092522623,0.1070250964164734,0.2252095406589659
0.258402333362028,0.05061558175832034,0.092109507098794,0.040048164725303655,0.1124720139082654
0.2683583333273418,0.02224839974194765,0.04344371594488621,-0.016432430148124694,0.051501189372192696
0.2783143333508633,0.016134587600827217,-0.0068291824311018,-0.0712793129682541,0.0734009748365262
0.2882713333819993,0.017192750908434393,-0.008142247796058655,-0.08290650129318237,0.08506100657556519
0.2982273333473131,-0.028803347758948803,-0.036290743947029115,-0.03131768703460693,0.05592359483750448
0.3081833333708346,-0.03943241637200117,-0.11021811470389367,0.04388276875019074,0.12501458180147723
0.3181393333361484,-0.05073117390275002,-0.1917463541775942,0.06100984811782837,0.207515102855939
0.3280953333596699,-0.05320169560611248,-0.25399215750396253,0.05054567098617554,0.2643809776521864
0.3380513333249837,-0.023427271507680418,-0.2698167695850134,0.05808624029159546,0.2769908617821168
0.3480073333485052,-0.01574406668543816,-0.22672878362238408,0.05584441781044007,0.23403507420741101
0.3579643333796412,-0.047771971151232724,-0.18844231188297272,0.049875580072402954,0.20069937623976924
0.367920333344955,-0.07864267509430647,-0.17464777998626232,0.11503870546817781,0.22342878318585702
0.3778763333684765,-0.13233802188187838,-0.1861034256219864,0.1748703396320343,0.28762383897526606
0.3878323333337903,-0.125434214361012,-0.2028101632744074,0.16044642806053164,0.28741739811142164
0.3977883333573118,-0.11111160580068827,-0.16712299816310405,0.11636485397815705,0.23198419062511616
0.40774433338083327,-0.09097872868180275,-0.10125075168907643,0.10645031511783601,0.17280194842317803
0.4177013333537616,-0.06442451242357493,-0.02026213712990284,0.12205770313739778,0.13949607484536428
0.42765733337728307,-0.08251276440918447,0.07612387731671334,0.14861107885837554,0.18624836575826892
0.4376133333425969,-0.08964483261108398,0.055704303905367854,0.22841270864009858,0.2516178271819336
0.44756933336611837,-0.07750670727342368,0.03153374165296555,0.20487357258796693,0.2213026147155996
0.4575253333314322,-0.06243148896843195,0.040031646341085435,0.0943886786699295,0.12003935265007215
0.4674813333549537,-0.04499257028102875,0.047408859059214596,0.07296097218990326,0.09795526918285521
0.477438333327882,-0.032755773179233075,0.07471857212483883,0.04160293936729431,0.09157843775115884
0.4873943333514035,-0.038110360912978654,0.1311596252024174,-0.011051822304725647,0.13703061580687478
0.49735033337492496,-0.021538109220564365,0.123082939311862,0.0014729136228561403,0.12496187247710742
0.5073063333402388,-0.026962132640182972,0.08148343518376351,0.002994943857192993,0.08588059440037166
0.5172623333637603,-0.007621480152010918,0.021372742652893066,-0.0401428896188736,0.04611217491256903
0.5272183333290741,0.00025037046521902083,-0.012187643945217133,-0.14434787392616272,0.14486169285669903
0.5371743333525956,-0.008451309688389301,0.000991322323679924,-0.2022949504852295,0.2024738362041376
0.5471313333255239,-0.025369278006255627,-0.08864130422472954,-0.17613275349140167,0.19880550277515613
0.5570873333490454,-0.05928619857877493,-0.18625925391912462,-0.1203760439157486,0.22955991584167545
0.5670433333725668,-0.09516168057918549,-0.2701091303676367,-0.04482767879962921,0.2898692956233527
0.5769993333378807,-0.10890808258205653,-0.29579960323870186,0.004544456005096436,0.31524439377767804
0.5869553333614022,-0.09845486897975207,-0.2628750282526016,0.07494025468826294,0.290538609271415
0.596911333326716,-0.08902857262641192,-0.22337898686528207,0.1682501220703125,0.29348315470147723
0.6068673333502375,-0.08238047115504742,-0.23151721470057965,0.23209177672863007,0.33801383929581075
0.6168243333813734,-0.09100376207381487,-0.2493826512247324,0.2649314939975739,0.3750494473469473
0.6267803333466873,-0.12419478736817838,-0.28028657466173174,0.32264994442462924,0.44507066380772603
0.6367363333702087,-0.1774782343581319,-0.25801767311990265,0.36731214702129367,0.48269022847213444
0.6466923333355226,-0.21543960090726616,-0.2434740398079157,0.3582448697090149,0.48376979687894706
0.656648333359044,-0.2344300051778555,-0.25050794787704944,0.3602533882856369,0.49748785216178065
0.6666043333825655,-0.2597302494943142,-0.192255427390337,0.33374386668205264,0.46455023454014915
0.6765613333554938,-0.2615158064290881,-0.13675131753087044,0.29228301465511325,0.41535623326798216
0.6865173333790153,-0.2657378615811467,-0.07850179374217987,0.2796354871988297,0.39366883087106
0.6964733333443291,-0.2669739995151758,-0.011910778284072877,0.20028994023799898,0.33396563179016286
0.7064293333678506,-0.23433436665683985,0.04163816884160042,0.11071352005004884,0.2624953638120423
0.7163853333331645,-0.20078753829002383,0.08650787450373174,0.04537146985530854,0.22328864315175628
0.7263413333566859,-0.15404518872499467,0.16715515784919263,-0.027896481156349184,0.22901742428429822
0.7362973333802074,-0.09913256127387286,0.24521344028413297,-0.08456711053848268,0.2776841590467957
0.7462543333531357,-0.0501001862436533,0.3177116784453392,-0.13345275700092316,0.3482246080238311
0.7562103333766572,-0.012400190234184266,0.3705419296771288,-0.20263818204402925,0.4225130994286489
0.7661698333686218,0.020514956116676333,0.4129335122555495,-0.23030545234680178,0.47326055228471997
0.7761258333339356,0.056838755104690795,0.4129850408434868,-0.25885389804840087,0.49070625487882197
0.7860818333574571,0.06328044986352324,0.4130768421292305,-0.2725825756788254,0.498937023483014
0.7960378333809786,0.08152639394626021,0.37861518032848834,-0.24124383866786958,0.4562834616554315
0.8059948333539069,0.1086965778283775,0.35251320965588095,-0.23950838506221772,0.4398235731842976
0.8159508333774284,0.13775407847017052,0.3168617856502533,-0.2755476987361908,0.44193224777045126
0.8259068333427422,0.15977767104282975,0.2795509949326515,-0.2426401537656784,0.40317726517146046
0.8358628333662637,0.15741747898980976,0.23707842841744425,-0.1889714848995209,0.3416089372623648
0.8458188333315775,0.1455285729467869,0.20233039923012258,-0.15425071835517884,0.29310312197183735
0.855774833355099,0.13024634493514897,0.16058763831853867,-0.1224974137544632,0.2403291832595945
0.8657308333786204,0.10596910754218698,0.12100842028856278,-0.07866434633731842,0.17905465344050298
0.8756878333515488,0.07835407845675946,0.07904704660177231,-0.028417468070983887,0.11487101322281514
0.8856438333750702,0.04644627945497632,0.07281990811228753,0.012114261388778687,0.08721669118745223
0.8955998333403841,-0.025387294739484787,0.026900261789560318,0.14201892793178558,0.14675665132943738
0.9055558333639055,-0.08241621226072311,-0.04094644322991371,0.29014702677726745,0.30439175482307906
0.9155118333292194,-0.11502744957804681,-0.08389278039336205,0.2502052813768387,0.2878749651974308
0.9254678333527409,-0.14296588450670242,-0.15185489483177664,0.2373302972316742,0.31595066577114306
0.9354248333256692,-0.15627104099839925,-0.1897990120947361,0.24546845197677614,0.3474177084760304
0.9453808333491907,-0.18090601835399867,-0.16377290904521943,0.2038163959980011,0.31794602763903973
0.9553368333727121,-0.1696798759326339,-0.14192434921860694,0.1948473519086838,0.29478682423654146
0.965292833338026,-0.1546920369565487,-0.11832235559821129,0.17931305408477785,0.26473189739297803
0.9752488333615474,-0.15801928538829088,-0.0840665888786316,0.12159051060676575,0.21638285096081206
0.9852048333268613,-0.11911808855831624,-0.01714067414402962,0.06415915846824646,0.1363793215529841
0.9951608333503827,-0.08187267702072859,0.026686034426093103,-0.010697481036186219,0.08677393489090332
1.0051178333815187,-0.057506488859653475,0.05138518497347832,-0.03592997074127197,0.08507876523077125
1.0150738333468325,-0.05505420316010714,0.0549661660194397,-0.07150735437870026,0.10566714921257213
1.025029833370354,-0.037244735453277826,0.061128765866160395,-0.052753579616546635,0.08892039416052895
1.0349858333356678,-0.03169517962262035,0.10039471931755543,-0.029116210341453553,0.10923112094457638
1.0449418333591893,-0.01637933012098074,0.15256525844335556,0.013922805190086365,0.15407233704809256
1.0548978333827108,0.014451631028205156,0.2050418993085623,0.020376961827278137,0.20655810486337334
1.0648548333556391,0.030854002833366395,0.2210037747770548,-0.0006788617372512817,0.223148154394803
1.0748108333791606,0.051587425544857984,0.2204509936273098,0.00930818259716034,0.22659776108531288
1.0847668333444744,0.05055977739393711,0.20055949687957764,0.07049812495708466,0.21851862277888012
1.094722833367996,0.04580339636653662,0.204401263743639,0.13572498500347138,0.24959787517705206
1.1046788333333097,0.04139057580381632,0.1696457062661648,0.144775305390358,0.22683195204994547
1.1146348333568312,0.0030863614194095138,0.12086202062666417,0.09208955347537995,0.1519790759152926
1.1245908333803527,0.011016519740223885,0.09723941557109357,0.07406785011291504,0.12273106399010736
1.134547833353281,0.026952630914747717,0.10412341564893723,0.05558597087860108,0.12106993911844777
1.1445038333768025,0.009318999946117401,0.1081052964180708,0.0775065976381302,0.1333449344784934
1.1544598333421163,0.020990992560982705,0.035769318491220475,0.13670673251152038,0.14285935960936538
1.1644158333656378,-0.02238862328231335,-0.01731543280184269,0.16483359396457672,0.16724589192225744
1.1743718333309516,-0.040569973904639484,-0.05008162133395672,0.14890753269195559,0.16225764965161668
1.1843278333544731,-0.03812870655208826,-0.058390441685915,0.10717770874500275,0.1278683041079381
1.1942848333274014,-0.021447367742657663,-0.13297774381935598,0.03169658660888672,0.1383753718586863
1.204240833350923,-0.03659401344135404,-0.1457603419572115,-0.05602100372314454,0.16038563515906842
1.2141968333744444,-0.02524844164028764,-0.0942373088747263,-0.05856044948101044,0.11378699588543303
1.2241528333397582,-0.009479451198130847,-0.003708815798163414,-0.01372516930103302,0.017087878217744594
1.2341088333632797,-0.008715000841766596,0.04480136632919312,0.0210078763961792,0.0502438507213738
1.2440648333285935,0.021211085412651303,0.05749998383224011,0.059011269807815556,0.08507930564726927
1.254020833352115,0.024688662104308607,0.04926191478967667,0.07217452168464661,0.09080433836361351
1.2639778333250433,0.0407907428406179,0.11196372784674168,0.10971540033817292,0.16197910398009435
1.2739338333485648,0.041311857663095,0.028774879127740863,0.06762889623641968,0.08431091778974024
1.2838898333720863,0.0153589178994298,-0.0032426465302705767,-0.018802306652069094,0.024493628783831572
1.2938458333374,0.07272790582850576,0.05641554459929467,-0.040301349163055424,0.10048015079107672
1.3038018333609216,0.06562542088329792,-7.615998387336731e-05,-0.05117366194725037,0.08321926065247516
1.3137578333262354,0.03316862314939499,0.017781455889344218,-0.036874296069145204,0.05268824770066141
1.3237148333573714,0.03416694385930896,0.028173566088080408,0.10294023156166077,0.11206168458832369
1.3336708333808929,0.02253801964223385,0.03216480240225792,0.16470437049865724,0.16932237449412577
1.3436268333462067,0.05822798045352102,0.032094781994819646,0.11805469930171968,0.13548979580104945
1.3535828333697282,0.07935429951176047,0.0142238637059927,0.03460499167442322,0.0877321411941812
1.363538833335042,0.09132806327193976,0.012041975185275078,-0.001467651128768921,0.09213022472132579
1.3734948333585635,0.11665913337841631,0.050323184430599216,0.006392760872840882,0.1272110202907616
1.383450833382085,0.13422469910234214,0.07668791435658932,0.020452390909194946,0.15593462204199676
1.3934078333550133,0.15563996197655797,0.08705641642212868,0.0586440646648407,0.18772784483059912
1.4033638333785348,0.17802494902163746,0.08950047947466373,0.08627274334430696,0.21713176769994755
1.4133198333438486,0.13820628751069308,0.04930978886783123,0.11928319931030273,0.18910556528928454
1.42327583336737,0.10735539101064205,0.0589647113531828,0.1371248084306717,0.1838619869662036
1.433231833332684,0.12928818728774788,0.0746133953332901,0.15009100914001466,0.21168350233303865
1.4431878333562054,0.17031250812113286,0.05390964724123478,0.06641501426696778,0.1905873936236782
1.4531448333291337,0.1917697978578508,0.02282058633863926,-0.00841005027294159,0.1933058806060324
1.4631008333526552,0.21899481765925885,-0.030137207284569742,-0.059844498038291935,0.22901603736415554
1.4730568333761767,0.24754715541377664,-0.054812091886997226,-0.10315190076828003,0.2737229880784407
1.4830128333414905,0.2469506845995784,-0.062302082777023315,-0.12562742829322815,0.2839866913820535
1.492968833365012,0.24654536291956902,-0.02525726728141308,-0.17358629107475282,0.30258014802157057
1.5029248333303258,0.25353115936741233,0.03587997704744339,-0.1831260234117508,0.3148024173568405
1.5128818333614618,0.2595927302911878,0.08019470885396005,-0.08288720548152924,0.28405961659613294
1.5228378333267756,0.24686812922358514,0.13748667798936368,-0.03845479846000672,0.28517579030398676
1.532793833350297,0.24637601293623448,0.15484304130077362,-0.04993288278579712,0.295247015180389
1.5427498333738185,0.26633595865219833,0.11540547206997873,-0.06092213988304138,0.2965885584152042
1.5527058333391324,0.2867108374089003,0.11052757859230042,-0.13766626060009005,0.33670677038753155
1.5626618333626539,0.327343833334744,0.15466287396848202,-0.1666748821735382,0.3985663133708593
1.5726178333279677,0.36703714516013863,0.12647688254714012,-0.09683223009109497,0.40011142014514217
1.5825748333591036,0.3311757695674896,0.015975908786058427,-0.05749040901660919,0.3365081977293517
1.5925308333826251,0.3549883360415697,0.06450889505445957,-0.04835004150867463,0.3640272555463399
1.602486833347939,0.38898740999400616,0.14747094489634038,-0.08563598155975342,0.424726271921301
1.6124428333714604,0.43934706643223764,0.16085251718759538,-0.12787802159786224,0.4850280048368156
1.6223988333367743,0.46025554016232495,0.17735547937452795,-0.14316965997219086,0.5136026478230372
1.6323548333602957,0.508930175229907,0.19416790544986726,-0.08780646800994873,0.5517436674677061
1.642311833333224,0.5497069761157036,0.21665425032377245,-0.05199461102485657,0.5931443865950792
1.6522678333567455,0.5663343743607402,0.29914194479584694,-0.09707956731319428,0.647800099651528
1.662223833380267,0.5706161076575518,0.3090283439308405,-0.01696861982345581,0.6491449712734478
1.6721798333455808,0.614637016877532,0.31880920082330705,0.003167436718940735,0.6924073957585056
1.6821358333691023,0.6031515869870783,0.3603272093832493,-0.038041985034942626,0.7036154683720006
1.6920918333344162,0.6441590970754624,0.31213358089327814,0.010533174276351929,0.7158765692678254
1.7020488333655521,0.6826456166803837,0.24860197484493257,0.012447552680969238,0.7266105706893393
1.712004833330866,0.7086740586161614,0.18424708083271982,-0.009556104540824891,0.7322958604859627
1.7219608333543874,0.7931707102060318,0.2006958831846714,-0.026726453304290774,0.8186042489275527
1.731916833377909,0.9029744765907527,0.26505465097725395,-0.08929166078567505,0.9452988279189188
1.7418728333432227,0.9419155441224576,0.2598811807483435,-0.10668595790863038,0.9829165854646774
1.7518288333667442,1.0044243259727956,0.27305963538587097,-0.1050732958316803,1.0461692925047559
1.761784833332058,1.007945592328906,0.3473731416463852,-0.10160472750663758,1.0709556187276141
1.7717388333403505,0.9359729457646608,0.3279486181586981,0.07984548389911653,0.9949728401592982
1.781694833363872,0.9082151897996664,0.23473552219569685,0.23819743931293488,0.9678293322991248
1.7916508333291858,0.8480001244693995,0.23277451224625112,0.23820854902267458,0.9110606442378494
1.8016068333527073,0.9129243180155755,0.270677991360426,0.19248975455760955,0.9714678023695728
1.8115628333762288,1.0144563938677311,0.3283636973798275,0.0860599046945572,1.069743333707721
1.8215188333415426,1.0677219703048468,0.4350678547471762,-0.06451934695243836,1.1547627419678657
1.8314758333726786,1.1627286996692419,0.3512687759846449,-0.14749776899814607,1.2235535843908543
1.8414318333379924,1.1396286895126104,0.30280361741781237,-0.22724911272525788,1.2008687438333798
1.851387833361514,1.092342110350728,0.2576790462434292,-0.15136219382286073,1.1324841237903844
1.8613438333268277,1.0572572815418244,0.2358664467930794,-0.030033053755760195,1.0836641197409358
1.8712998333503492,1.0558548999577761,0.15709940873086453,0.019718565344810486,1.0676603466494812
1.8812558333738707,1.0833611525595188,0.004457332491874695,0.054000205993652343,1.0847152976405325
1.8912118333391845,1.098278934583068,-0.07285433359444142,0.017817635536193848,1.100836881744298
1.9011688333703205,1.052294457256794,-0.09487399756908417,0.04157779633998871,1.05738044872061
1.9111248333356343,0.985966566503048,-0.13492442809045316,-0.04980248987674713,0.9964010033893327
1.9210808333591558,0.9345318994671107,-0.0967516116052866,-0.17478789389133453,0.9556471908192868
1.9310368333826773,0.9930465944856406,-0.017873330265283587,-0.2431734198331833,1.0225430586863644
1.940992833347991,0.9892571602016688,-0.11504287160933019,-0.30013757944107056,1.0401668894514648
1.9509488333715126,0.9962347888201476,-0.27464810460805894,-0.34366776108741764,1.0890467693497656
1.960905833344441,1.033901382610202,-0.38184372045099735,-0.3062882655858994,1.143927094463089
1.9708618333679624,0.9747741186618806,-0.42722425349056725,-0.24877505242824555,1.0929749182365966
1.9808178333332762,0.9787568034231663,-0.46612694866955284,-0.2844758123159409,1.1207879818752238
1.9907738333567977,1.0323621030896903,-0.5619603281468153,-0.41643109738826756,1.2469906900930101
2.000729833380319,1.0888562927395107,-0.6811384968459606,-0.5629991590976715,1.4023286816109448
2.010685833345633,1.2946364030241966,-0.7916974311321974,-0.7526167613267899,1.6939008908217674
2.020642833376769,1.5029767897725106,-0.6920724246650934,-0.9036567735671998,1.8853379102936918
2.030598833342083,1.6759912231564522,-0.5753752295672894,-0.9687643504142762,2.019531530214536
2.0405548333656043,1.7294732196629048,-0.4941206763312221,-0.846620108485222,1.9879633971481285
2.050510833330918,1.684511639624834,-0.4353557935729623,-0.8057884168624878,1.917396438866737
2.0604668333544396,1.538380218744278,-0.666417692899704,-0.5535284239053726,1.7655367328109102
2.070422833377961,1.4430149088799955,-0.9585361084342003,-0.40870224773883823,1.7799216347156697
2.080378833343275,1.4354008108377458,-1.1751699665933848,-0.33510977625846866,1.8851255927074877
2.090335833374411,1.536551355868578,-1.3113816592097283,-0.09685795783996583,2.0223979305097584
2.1002918333397247,1.7182661537826063,-1.3317334780097008,0.0064945024251937865,2.173935327982053
2.110247833363246,1.9095158600807192,-1.2467532616853714,-0.21511204719543459,2.2906151375278063
2.12020383332856,2.1602164006233218,-1.1943465681374075,-0.49113220095634463,2.5167855413522635
2.1301598333520815,2.3893623501062393,-1.255805920958519,-0.6734507238864899,2.782020278273133
2.140115833375603,2.570378405749798,-1.3870471148192882,-0.7752337914705277,3.021875622673963
2.1500728333485313,2.6512313649058346,-1.6142536890506745,-0.9963111680746078,3.2599813905150374
2.1600288333720528,2.5837176588177684,-1.5519492673873903,-1.0771214425563813,3.2006771269601324
2.1699848333373666,2.4290392166376114,-1.3380547566711902,-0.6917203491926194,2.8581635868685016
2.179940833360888,2.282704458832741,-1.2252249830961228,-0.13862286508083344,2.594442561380188
2.189896833326202,2.2402910953760147,-0.9773384150862694,0.33585061848163605,2.467162379649727
2.1998528333497234,2.150146618187428,-0.9322189602255821,0.5849683177471161,2.41544004319602
2.2098098333808593,2.0221449279785157,-0.3532767463847995,0.9528564155101776,2.263141603582147
2.219765833346173,2.1807983073592188,-0.09365119859576226,1.1338487899303438,2.4597286197476667
2.2297218333696947,2.1181895381212237,-0.24734774708747864,0.9642719346284867,2.3404546975550753
2.2396778333350085,2.1184909620881083,-0.3957370702922344,0.9015687328577042,2.336115999970705
2.24963383335853,2.3344893009960654,-0.4285830367729068,0.8484456092119217,2.520591928033091
2.2595898333820514,2.3679173943400382,-0.4504587861523032,0.7041866129636765,2.511140117619321
2.2695468333549798,2.4007196894288065,-0.31681230358779433,0.6162830811738969,2.4987256550203627
2.2795028333785012,2.281736306101084,-0.09391375685110688,0.6735203057527542,2.380917883205339
2.289458833343815,2.0076259991526606,-0.02859001575037837,0.7112289994955063,2.1300765787167615
2.2994148333673365,1.7423039111495018,0.18768385492265224,0.8069520127773285,1.9292536637598645
2.3093708333326504,1.473542490899563,0.5082956061512232,0.9884215199947358,1.8457163912442864
2.319326833356172,1.294674117565155,0.7226141861826182,1.0418469446897507,1.812125103000576
2.3292828333796933,1.2549871645867825,1.02793144851923,0.8807017743587494,1.8458795901929963
2.3392398333526216,1.3158566795289517,1.1470690521597864,0.5735615694522858,1.8374490701612054
2.349195833376143,1.4502027449011803,1.3870902380347252,0.3931971859931946,2.0449233131937037
2.359151833341457,1.590756360590458,1.5576836317777634,0.3882907873392105,2.260011909481865
2.3691078333649784,1.6182663407921791,1.6151699477434158,0.4120322370529175,2.3232155462214887
2.3790638333302923,1.480217672288418,1.5973537740111352,0.4792974364757538,2.2298675900857408
2.3890198333538137,1.164254092052579,1.5537502098083498,0.48671755313873294,2.0016296565234093
2.398976833326742,0.8646060707420111,1.5737725380063057,0.4835249733924866,1.8595967462976895
2.4089328333502635,0.9043604128807784,1.5640521267056466,0.2579323768615723,1.8250084718904207
2.418888833373785,1.1884401494264603,1.6759989707171918,-0.38580805957317355,2.0905048188046567
2.428844833339099,1.7331883943080904,1.933393257558346,-1.139900658130646,2.835723013438197
2.4388008333626203,2.1899117776751518,2.1291204692423347,-1.8937792485952378,3.5937817698014145
2.448756833327934,2.6294145262241364,2.0169672185182574,-2.744373709559441,4.302739193701708
2.45871383335907,2.6871844321489338,1.5611913764476777,-3.3405172258615496,4.562601672571903
2.4686698333825916,1.9705583064258099,1.627088327407837,-3.072219489812851,3.9961292593954623
2.4786258333479054,0.525675796866417,1.6619456264376642,-0.9158417862653733,1.9690516717740476
2.488581833371427,-0.5740960049629211,1.7422309671342373,1.9787521559000016,2.698224427328978
2.4985378333367407,-1.0777326227724553,2.4568678700923923,3.979268233180046,4.799196079436239
2.508493833360262,-1.2290645572543144,2.550847243666649,4.710064355134964,5.495646238244728
2.5184508333331905,-0.6199355444312096,2.2206374341249466,3.7345739525556567,4.3889170988062
2.528406833356712,0.6843695220351219,2.9381346487998963,2.1644152861833574,3.7129086156587876
2.5383628333802335,1.650217719823122,3.628958619832993,1.0586190980672836,4.124710120974708
2.5483188333455473,2.179686459302902,3.236477717757225,0.1726671087741852,3.905846260269325
2.558274833369069,2.5981746071577074,2.399308902472258,-0.18142214477062227,3.541201560681757
2.5682308333343826,1.5068672347068788,1.8748383629322054,0.5781563115119934,2.473849726781443
2.5781878333655186,2.11982851266861,1.935819267332554,2.1773247689008715,3.6030282136236442
2.5881438333308324,2.2703449067473414,0.9115838438272477,3.1464072078466416,3.985640402433435
2.598099833354354,-0.18252390637993812,0.9017026340961457,3.5268498623371127,3.644866604994404
2.6080558333778754,0.14369547083973885,1.0047517700493336,3.896990892291069,4.026997954103859
2.618011833343189,0.3538033246994019,1.1709343166649342,3.4962543064355853,3.7040596838848727
2.6279678333667107,0.5806685677170754,1.213288915604353,2.6518000066280365,2.973430552983446
2.637924833339639,1.0827871021628381,0.8403697273135186,1.8418781930208208,2.295901667127936
2.6478808333631605,1.3107504522800446,0.38582940191030507,1.255687222480774,1.8557158931884714
2.6578368333284743,1.6178430023789407,-0.3303798173367977,0.9195880973339081,1.8900288550199962
2.667792833351996,1.6318279342353346,-1.3549385918676853,0.7728241539001465,2.2574273338326134
2.6777488333755173,1.6686285553872586,-2.499193817675114,0.9315696269273759,3.1461266605101725
2.687704833340831,1.6409639163315297,-3.4051657962799076,1.1746173316240311,3.958237303473384
2.697661833371967,1.4175121316313744,-3.829381291866303,1.4778802478313446,4.342537478105145
2.707617833337281,1.3119282276928426,-4.063041291832924,2.180940102338791,4.794367522806963
2.7175738333608024,1.308057809472084,-4.356725884079934,2.298562107682228,5.096612936530059
2.727529833326116,1.122626228928566,-4.5272026258707045,1.99230073928833,5.071993247367134
2.7374858333496377,1.1360274624824525,-4.475843899548054,2.0725221991539002,5.061529934182111
2.747441833373159,1.7400265668332577,-5.261151566505433,1.4055700707435608,5.7169078602683605
2.7573988333460875,2.624713364839554,-5.862234810590745,-0.6344766926765443,6.454260445288758
2.7673545833677053,2.494901084303856,-5.899116123318673,-3.0959375506639484,7.11399548597481
2.777310583333019,3.354691753685475,-5.9109386086463935,-4.771464212536812,8.304217165329398
2.7872665833565407,2.8084217709302903,-5.493828649520874,-3.4632771795988084,7.075568874405891
2.797222583380062,0.767190946340561,-5.066659140586853,0.9851359695196152,5.218247758920669
2.807178583345376,0.2354574340581894,-4.648606317937374,4.760362104177475,6.657779529641211
2.817135583376512,-0.2601003782451153,-4.70194257259369,4.1134413671493535,6.252704698265204
2.8270915833418258,0.7508944639563561,-4.1934011641144755,1.7424433672428132,4.602669302398926
2.8370475833653472,3.2983973926305774,-3.56425040781498,-0.8948064279556275,4.938014264138182
2.847003583330661,4.572857685685158,-3.4137237811088563,-2.647854890227318,6.290919884002553
2.8569595833541825,4.094889906048775,-3.7541556930541993,-2.363931639790535,6.037381974660388
2.866915583377704,3.642854235470295,-3.8140048688650134,-1.414147351384163,5.460479177877775
2.8768725833506323,2.339493494331837,-2.9863914272189143,0.4537316554784775,3.8206852764616523
2.886828583374154,1.6102118012309075,-2.692336413860321,3.049565622210503,4.375078044376999
2.8967845833394676,1.5973103584349155,-2.4904574927687646,4.839656780362129,5.672394261346499
2.906740583362989,-0.31467419609427455,-1.9939288964867592,6.1588968050479895,6.481263931453711
2.916696583328303,-1.9348337191343308,-0.23621026307344437,6.546347347497941,6.830376300261483
2.9266525833518244,-3.0610045301914215,1.5298728123307228,5.422315447926522,6.411845629191623
2.9366095833247527,-3.4906649529933933,2.5740326231718065,3.148632073402405,5.359502746791668
2.9465655833482742,-2.710442024767399,3.307400935292244,0.8411827826499939,4.358094238336752
2.9565215833717957,-1.2611298108100892,3.0182885733246807,-1.030565326809883,3.429661674917657
2.9664775833371095,0.5273872768878937,3.0690713489055637,-3.0105290257930757,4.331353287327051
2.976433583360631,1.6697247621417046,3.7576494044065476,-4.745737633109093,6.279326039477003
2.986389583325945,2.088413761854172,4.428161317706108,-5.119934876561165,7.084053771433273
2.996346583357081,2.770105551481247,5.393810856342316,-4.692466574907303,7.667197850386132
3.0063025833806023,2.0425682289898397,6.458887034654618,-2.052873215675354,7.078389303799663
3.016258583345916,-0.02157564103603363,6.878083280324936,0.9712453240156175,6.946352467215708
3.0262145833694376,-2.128287387192249,7.165180399417878,3.0884881979227066,8.087532176590804
3.0361705833347514,-3.366408112049103,7.20583024263382,4.39631972014904,9.087591548055928
3.046126583358273,-3.294617167711258,7.308398591279984,4.391785789132118,9.140841026318302
3.0560835833312012,-2.100975773781538,7.105712462067604,2.9874407100677494,7.989371113659065
3.0660395833547227,-0.7870513066649437,6.175917465090752,-0.009964240193367006,6.225873880911707
3.075995583378244,0.45607711985707283,5.5349901241064074,-2.5795360225439072,6.1235715154486625
3.085951583343558,1.1418356479704381,4.632733173966408,-3.975037187933922,6.210227528327973
3.0959075833670795,0.6231694932281971,4.3045362684130675,-4.520919792652131,6.27344311163874
3.1058635833323933,1.4617545041441917,3.8620137253403666,-4.5811630707979205,6.16757094214131
3.115819583355915,2.976343571841717,3.717419975996018,-4.438970480561257,6.5101682975843245
3.125776583328843,3.4718465664982796,3.6023467719554905,-4.3034138953685765,6.599241774747715
3.1357325833523646,3.3778537443280223,3.7668339183926585,-3.8885586225986484,6.381208494337928
3.145688583375886,3.0570395332574845,4.074263560473919,-2.0760796451568604,5.500474612352955
3.1556445833412,1.1240153811872007,4.742039561569691,1.3504121160507203,5.057070561482612
3.1656005833647214,-1.2536010821163655,5.544750296473503,4.845136790871621,7.4693454897724525
3.1755575833376497,-3.0633784997463227,5.371859824061394,6.8878843832016,9.256571561783845
3.185513583361171,-3.6381153595447544,3.3354231315851215,6.650385686159134,8.281821092654614
3.195469583326485,-3.6596453922986987,1.213829783052206,5.26121822476387,6.522791147061597
3.2054255833500065,-3.222672733962536,-0.8836244320124388,4.640714038610459,5.718622078370896
3.215381583373528,-2.6031149196624757,-2.8201910465955735,3.2948966646194457,5.058263422834715
3.225337583338842,-2.5369694620370864,-4.43227834224701,1.9725652170181276,5.474698063806845
3.2352945833699778,-2.2016817842423917,-4.525028338730335,0.7619793230295182,5.0895870789389095
3.2452505833352916,-0.5088989657163621,-3.8838396272063256,-0.2232349991798401,3.923394228474138
3.255206583358813,0.8583639487624168,-3.7740099138021472,-1.5705410742759705,4.176905405201298
3.2651625833823346,1.346475624293089,-4.189853950738907,-2.4778739923238757,5.050518018695999
3.2751185833476484,1.3467460580170156,-4.5163244658708575,-1.908460437655449,5.084597611208196
3.28507458337117,1.767452639490366,-5.039937365055084,-1.4851857590675355,5.543521824206779
3.295031583344098,2.0326424342393876,-5.594891340136528,-1.3460214418172838,6.10296797429228
3.3049875833676197,2.049217828810215,-5.884753022789956,-0.1975663071870804,6.2344722547209015
3.3149435833329335,1.2101666486263276,-8.16636580646038,0.17909202933311463,8.257487981059581
3.324899583356455,0.07118298009037972,-9.919304341077805,0.147120623588562,9.920650689620345
3.3348555833799765,-0.7962957546114922,-10.132268121242523,0.3261226058006287,10.168741326416656
3.3448115833452903,-0.877981503456831,-9.355955518484116,0.09704857707023622,9.397562109961129
3.3547685833764262,-0.5956118582189084,-7.5416504555940636,0.9485528647899628,7.624368670081108
3.36472458334174,-0.50507941827178,-5.857177553772926,2.667928381562233,6.455964371364548
3.3746805833652616,-1.2291320925951004,-4.939084589481354,2.4165308529138567,5.634265138080029
3.3846365833305754,-1.4142428071796895,-4.721507063806057,1.2756847000122071,5.091176988189982
3.394592583354097,0.1086393664777279,-4.611599290072919,-0.5770751613378525,4.648834936409641
3.4045485833776183,2.8363059729337694,-4.349155201613903,-3.2421857696771625,6.121401073685838
3.4145055833505467,4.388007026016712,-3.9861153227090838,-5.0483713889122015,7.786512358347316
3.424461583374068,5.055239528417587,-2.9359887206554416,-4.761898752450943,7.539970569311627
3.434417583339382,4.645599387288094,-2.4551125359535217,-2.8298611718416216,5.968021907069752
3.4443735833629034,3.5565408539772037,-2.635882716178894,-0.3353939509391785,4.439521330254661
3.4543295833282173,2.3465306183695795,-2.7676915284991264,1.174112132191658,3.8137726254761692
3.4642855833517388,0.9256747564673424,-1.8060058173537255,4.2945290511846546,4.749895845020745
3.474242583324667,0.4671909226477146,-0.3688125425577164,6.367618430256844,6.395377590345932
3.4841985833481885,-1.2010734973847867,1.3560850846767427,5.214364485740662,5.52006714571085
3.49415458337171,-2.8797250574827196,4.284687310159207,4.7094451349973685,6.987863423971849
3.504110583337024,-3.560488309264183,6.101070181131363,4.0370948570966725,8.13623188218561
3.5140665833605453,-2.192983758598566,5.803873751163483,2.813038732409477,6.812291479007449
3.524022583325859,0.2948606134951115,4.078827312290668,1.5690383398532868,4.38014341509597
3.533979583356995,1.912448384910822,2.799022956490517,-0.1107117658853531,3.3917908884561823
3.5439355833805166,2.9776413613557815,2.265635851621628,-1.6047168803215028,4.071187806402297
3.5538915833458304,2.6192111349105835,1.91199902638793,-2.590515339374542,4.150515265564359
3.563847583369352,0.9475032895803452,2.3348206919431687,-3.5084241163730625,4.319512695622002
3.5738035833346657,-1.1821308575570584,4.57397801220417,-2.64359110057354,5.413620057553672
3.5837605833658017,-1.797035311460495,7.819662171006203,2.5823777693510057,8.428827161766911
3.5937165833311155,-0.8433532691001893,10.50986376643181,4.940952190160751,11.643946481795274
3.603672583354637,-1.3944052509963514,10.6055990588665,1.555816031098366,10.80942463427443
3.6136285833781585,-0.8810312649607659,9.700700921416283,1.0823272186517716,9.800573792632735
3.6235845833434723,0.1255889828503132,8.311473233699799,1.029568961262703,8.37594007578356
3.633540583366994,-0.16421130403876305,6.386130130290986,0.7160137760639191,6.4282423041526515
3.643497583339922,-0.10324063226580621,4.976958759427071,-0.8649283254146576,5.052611020976491
3.6534535833634436,0.5336955454945564,4.878234077990055,-3.2300095278024674,5.874943421398961
3.6634095833287574,1.2307111331820488,4.3969272458553315,-5.169477750062943,6.89718198303329
3.673365583352279,1.9270787031948566,3.5372713547945023,-6.766435375213623,7.874678955532043
3.6833215833758004,2.269803016036749,2.7513038295507433,-7.366355023384094,8.184428191672659
3.6932775833411142,0.8618795871734619,2.6696843004226687,-4.9247776222229005,5.667758403024693
3.70323458337225,-1.9196483539044857,2.3349833907186985,-0.1417090255022049,3.026099582877136
3.713190583337564,-4.089475969076156,4.443989145755768,5.570869808793068,8.216291356553063
3.7231465833610855,-3.326362578570843,7.406291506290436,10.406709526777268,13.199145618371784
3.7331025833263993,-3.670796617269516,6.5151238006353385,5.084782585501671,9.043041517364799
3.743058583349921,-3.9591245752573014,2.9805138060450553,1.9823727518320085,5.33740870438432
3.7530145833734423,-2.226414483189583,0.97977027207613,2.349013638496399,3.3815286943692437
3.7629715833463706,-2.553902706205845,-0.6646507374197245,2.2779565197229386,3.4861534018551685
3.7729277500184253,-3.4874127316474914,-2.182517973482609,1.5367213636636734,4.391690427952771
3.7828837500419468,-3.51973029255867,-3.103857019543648,0.31117361426353457,4.703111602794404
3.7928397500072606,-2.582420746386051,-3.6170089575648308,-0.5970135819911957,4.484202931129597
3.802795750030782,-1.5238737152516844,-4.8496736454963685,-0.25939593493938445,5.090069922792818
3.8127527500037104,-1.224298199415207,-5.711521072983742,-0.11990885138511659,5.842495800671933
3.822708750027232,-0.3409268056601286,-6.043852252364159,-0.4703535354137421,6.071705986253051
3.8326647499925457,1.0298434149473905,-6.674706594944,-1.1283103072643281,6.8472892254802815
3.842620750016067,2.5052500712871555,-6.636358800530434,-1.4192543095350265,7.23407346134913
3.8525767500395887,3.283011614084244,-7.270296964645386,-0.6714381122589111,8.005386458562619
3.8625327500049025,2.6629114705324173,-9.176820804476739,-0.09044356226921083,9.555800208005929
3.8724897500360385,1.8890587913990022,-10.512511385679245,0.7635954934358598,10.708151886716642
3.8824457500013523,1.446989553719759,-10.766395150423051,1.2340244579315187,10.933062684646067
3.8924017500248738,0.9215061302483082,-9.874601207971573,1.3040290778875352,10.002870308093327
3.9023577500483952,-0.008972844779491425,-8.143547047376632,1.9450920742750168,8.372623376349111
3.912313750013709,-0.2557906879484654,-7.138853895664216,1.2734557414054872,7.256056321790777
3.9222697500372306,-0.08344634547829628,-7.6844388771057135,-0.861829885840416,7.7330663323597
3.932226750010159,0.7713941442221404,-9.065331358909607,-2.731931419372559,9.499406868469476
3.9421827500336803,2.069333420097828,-8.5590174472332,-3.9533931344747546,9.652369540236649
3.952138749998994,2.977278833985329,-7.307742533683777,-5.419265540242195,9.572655284170875
3.9620947500225157,2.929111225605011,-4.913137570023537,-6.55262959599495,8.698020922960062
3.972050750046037,1.9686981609463692,-2.2034065666794778,-5.5235886383056645,6.264248110684896
3.9820077500189655,0.6136446712911129,-1.3341456006467343,-2.5948744386434557,2.981589780411484
3.991963750042487,-0.6798725746572019,-2.230064315199852,0.5564052540063859,2.396873040939947
4.001919750007801,-1.614775553047657,-3.4711896318197253,3.0713125866651536,4.908117617965255
4.011875750031322,-2.855546236038208,-3.6053297290205957,4.7053865826129915,6.579757567946259
4.021831749996636,-5.1462496858835225,-1.8377348560094835,6.219432443976403,8.279039506828962
4.0317877500201575,-6.613205580711365,0.9673045930266381,6.768985345959663,9.51258791508699
4.041744749993086,-5.67991979598999,4.014763463437557,5.927892025709152,9.138912321753518
4.051700750016607,-2.9594676303863525,6.114422882795334,4.277423021793366,8.027512911999812
4.061656750040129,0.07456091657280922,6.027424499988556,1.9301974618434907,6.3293813027064125
4.071612750005443,2.2508080436289313,5.554002930521965,-0.6274413228034973,6.0255097722161794
4.081568750028964,3.794502650499344,4.872472816407681,-1.7953390341997149,6.431367192051743
4.091524749994278,3.6520878660678866,4.35535909742117,-1.93234163582325,6.0034026057316625
4.101481750025414,2.581797140836716,5.310613748431206,-1.1587456494569779,6.017556509214904
4.111437750048935,1.1327369418740274,7.619177518486977,1.2851431560516358,7.809388706502569
4.121393750014249,-0.2342359507083893,9.902656148672104,3.29369681596756,10.43867347870181
4.131349750037771,-0.879158840328455,11.012278754711152,3.4846429055929184,11.58386549548506
4.1413057500030845,-1.4758805000782014,10.11937968850136,3.3202946305274965,10.751949821500967
4.151261750026606,-2.0012857170403007,9.20489153265953,2.845263907313347,9.840259109978591
4.161218749999534,-1.6419515110552312,8.256278441548348,0.713850890994072,8.448178594443041
4.171174750023056,-1.0302182945609093,8.349045102596284,-2.827763775587082,8.87491700412784
4.181130750046577,-0.24084301203489306,8.544414026141167,-5.835142906308175,10.34958497446166
4.191086750011891,0.14547046624124052,7.982716457247735,-7.700849087834358,11.092700318991835
4.201042750035413,-0.6320938792079688,7.4745209115743645,-7.624277459979058,10.695681947236434
4.210999750008341,-2.605683016777039,6.829092968702317,-5.128046134114266,8.928771019166298
4.220955750031862,-5.238549154400825,5.6248033565282824,-1.0014268970489502,7.751365419899807
4.230911749997176,-7.041003080606461,5.948892300724983,3.1408722335100174,9.738075907178423
4.240867750020698,-6.569732117056847,7.49295952141285,6.221155033707619,11.747705837006874
4.250823750044219,-4.269264986515045,8.621496115922929,9.152643152475358,13.278843905947216
4.260779750009533,-3.6309712314605713,5.3039315503835684,1.9541722154617311,6.718216357228394
4.270736750040669,-3.1028220623731615,3.3312221994996074,-0.5735299944877624,4.588407430445315
4.280692750005983,-0.7086075465381145,1.0994257197529078,-0.21117511689662935,1.3249364129124352
4.290648750029504,-0.680956429168582,-1.358126055300236,-1.9828890609741212,2.498010622203644
4.300604749994818,-1.3740671731531622,-3.063757984042168,-3.467245684862137,4.826641298078236
4.31056075001834,-1.919514306485653,-5.551614342927933,-3.923767631649971,7.064057574269215
4.320516750041861,-2.5800263115763666,-7.8162760484218605,-2.9371154791116716,8.73941384597371
4.330473750014789,-2.2011469101905825,-8.615875772237779,-0.4088542753458023,8.901995555005858
4.340429750038311,-1.0460891727358104,-9.576809531450271,2.022062482237816,9.843694430500452
4.350385750003625,-0.6976516916602851,-11.423385962247849,1.268717742562294,11.514777871745943
4.360341750027146,-0.5745447787642479,-11.971843096017839,1.47535542011261,12.076083903075984
4.37029774999246,0.26775993838906287,-11.95685902118683,2.0542262613773348,12.134991494437697
4.380254750023596,0.8735213935375215,-11.269697746038437,1.9135083389282228,11.464320349465964
4.3902107500471175,0.9727993677556516,-10.55672218322754,1.7705421620607378,10.748280858415868
4.400166750012431,1.2933684343099594,-10.378962149620056,1.9392951446771622,10.637505481469027
4.410122750035953,1.8868976604938508,-10.8405448615551,1.9807384550571443,11.180389997844799
4.420078750001267,2.645528867840767,-10.851517746448517,1.5014451116323473,11.26980912949774
4.430034750024788,1.8507609906792641,-10.515457212924957,1.084248613715172,10.731996631466993
4.439991749997716,-0.1416034832596779,-10.081467511653901,-0.2659769761562348,10.085969585857852
4.449947750021238,-2.728944661617279,-8.295534893274308,-0.73070607483387,8.763388014889
4.459903750044759,-3.321478399336338,-6.961883820891381,-0.6448496532440186,7.740534617720923
4.469859750010073,-2.2629049095511435,-5.953178309798241,-1.0318704253435136,6.451808056089511
4.479815750033595,-1.5341993133723737,-4.3869387397170065,-1.3886482286453248,4.850499246686046
4.489772750006523,-1.2992630124092102,-1.7301228453218938,-0.9723954713344575,2.3721219167637955
4.4997287500300445,-1.2294520814716816,1.1955475862324239,1.9217055505514147,2.5756239388935143
4.509684749995358,-0.7126707766950131,4.650046779513359,5.123604589104652,6.95572847896695
4.51964075001888,-1.2708893984556198,7.411946348547936,2.5812393164634706,7.950780146986633
4.529596750042401,0.02590535804629326,8.654095512628556,2.3762324273586275,8.97443707304831
4.539552750007715,2.123009397983551,9.364297156333924,1.0665321350097656,9.660989645531071
4.549509750038851,2.904186299443245,9.263939055204393,-0.9027370065450668,9.750374299656452
4.559465750004165,2.9363901320099832,8.352895494103432,-2.0584356719255448,9.090126927509571
4.569421750027686,2.057743361592293,7.656124320030213,-2.776148064136505,8.399853892773619
4.579377749993,1.2282070630788804,7.664847781062127,-2.610182449221611,8.189715288999636
4.589333750016522,-0.3929249981045723,7.720725528001785,-2.4455488300323487,8.108310663322325
4.599289750040043,-1.1872043403983117,7.619442982077599,-2.139771611094475,8.00274878092759
4.6092467500129715,-1.2017913892865182,8.612958011627198,-1.7385596466064455,8.868480021865341
4.619202750036493,-1.0731821733713152,9.819408169984818,-1.1830577874183656,9.948473376070211
4.629158750001807,-1.4739744539558888,10.49732148885727,0.5534600114822388,10.614738673921703
4.639114750025328,-2.4743095296621322,10.363426097631455,2.8446131122112277,11.027902424659443
4.64907075004885,-4.441525713801385,9.153151275515556,4.572825525999069,11.154284478623433
4.659027750021778,-6.729756376147271,7.934804956912995,6.36271320104599,12.195690626828428
4.6689837500452995,-7.428882808685303,6.950933740139008,6.99991645038128,12.349194708858604
4.678939750010613,-6.880809252262116,5.496502581238747,6.2471739739179615,10.797419101432439
4.688895750034135,-5.2958606386184695,2.8048345041275025,3.5825749969482423,6.981982534206978
4.698851749999449,-3.7032191357016564,0.04509884342551232,1.0601458060741424,3.852242853564899
4.70880775002297,-2.274206115603447,-1.870959173887968,-0.40530501544475556,2.972671162800948
4.7187647499958985,-1.1822208315879108,-4.508985040783882,-1.981797970533371,5.06518660946104
4.72872075001942,-0.7317449788749218,-6.850338826775551,-2.8288507729768755,7.447482088028756
4.738676750042941,-0.4791785187274218,-10.76461291909218,-2.9380276447534563,11.16863956764796
4.748632750008255,-1.175589796677232,-14.223589471578599,-2.7019316947460177,14.525596156754679
4.758588750031777,-2.5846333327889446,-14.684247153997422,-1.8812954431772233,15.028197379897712
4.7685447499970905,-2.876528677046299,-12.906440995931627,-1.0772547590732575,13.266918038010195
4.778502125001978,-2.3342019103467466,-11.391782931089402,-0.7377309197187424,11.651843794749194
4.7884581250255,-1.7452232797443867,-10.1002440905571,-0.8019087892770768,10.281234978897972
4.798414125049021,0.3285798250883818,-9.143370053172111,-1.1430762809515,9.220401510496904
4.808370125014335,2.0129962281882765,-8.99704406619072,-1.775311735868454,9.38885975522002
4.818326125037856,0.8862901045382023,-7.610299106240273,-2.531531551480293,8.069127253426114
4.828283125010785,-1.2864140483736992,-5.5945147794485095,-2.974761022925377,6.4654976502073715
4.838239125034306,-3.058898655474186,-4.338071804344654,-1.9482530790567398,5.654327371506352
4.84819512499962,-4.5931311517953874,-4.224430291056633,0.24538834512233734,6.245228618834696
4.8581511250231415,-5.391232818961144,-3.772226513028145,2.254716176390648,6.955489142390625
4.868107125046663,-4.381847276687623,-1.2408352947235108,4.673448505997658,6.525440883423744
4.878063125011977,-2.9223410269618038,2.438309392333031,5.726519765853882,6.875933274786692
4.888020125043113,-1.6160815286636354,5.117890689969063,1.2224504792690278,5.504444549273331
4.897976125008427,1.2699210995435715,7.546342846155167,-0.49507030069828034,7.6684473365484305
4.907932125031948,4.052500223815441,8.91624431669712,-1.4824498468637468,9.905545332162399
4.917888124997262,5.65507790029049,9.081821091771126,-2.7056546169519424,11.035395203957407
4.927844125020783,5.224737446308136,8.754061265587808,-3.222905745506287,10.691987255367298
4.937801124993712,2.9914706110954286,7.757868211269379,-3.7502684640884403,9.121289884287632
4.947757125017233,1.3070880487561227,6.714089931249619,-4.411735319495201,8.139465050074852
4.957713125040755,0.6520122731477023,5.852543635368347,-4.9524115633964545,7.694398436621845
4.9676691250060685,0.5192937071621418,5.199514312148095,-5.282158858180046,7.430061725152827
4.97762512502959,0.35198440209031107,4.936263892650604,-5.101167653203011,7.107215042707353
4.987581124994904,0.5589956436306238,5.953223333358765,-4.743161934614181,7.6322296430609455
4.99753812502604,0.9248189433664084,6.962424688339234,-4.428844857215881,8.303331523436396
5.007494124991354,0.42005125477910044,7.334405252337456,-3.830557751655579,8.285114130229312
5.017450125014875,-1.2920231361687184,7.02473378777504,-2.098020152449608,7.444319789852408
5.027406125038397,-4.137978330552579,5.9087295305728915,1.163957857489586,7.306897236419751
5.03736212500371,-6.942944689393044,5.180379883646966,5.17951332628727,10.09297651815621
5.047319125034846,-9.140513103604317,5.248060820102692,8.259893190264702,13.390928186023563
5.05727512500016,-10.554830024242401,5.504380534887314,9.381101469397546,15.156111199533607
5.067231125023682,-9.886131917238236,4.002229079604149,7.851105573177338,13.243613578319245
5.077187125047203,-7.742855485081673,1.6319324532151223,4.211531333327294,8.963928311087368
5.087143125012517,-5.573004627227784,0.19613951347768308,1.1544953083992004,5.694709009331848
5.0970991250360385,-3.0176839712262153,-1.8861610575020313,-1.9826768070459366,4.0736994742163635
5.107056125008967,-0.28167550764977933,-4.011231452822686,-5.266129301190377,6.625815925346825
5.117012125032488,1.3300065028667452,-6.638907601833344,-7.161857426762581,9.855770555599532
5.126968124997802,0.9167400647699834,-8.562628102898598,-7.311308165788651,11.296647266779251
5.136924125021324,-0.2974798372015357,-8.378722645640373,-5.709257031083108,10.143328017622231
5.146880125044845,-0.33291586440056564,-6.615639776587487,-1.0506815028190613,6.7068214712113985
5.156836125010159,0.3689852181449533,-4.821759915053844,5.409745688438416,7.256091729244302
5.166793125041295,-1.5854666769504548,-4.422203297317028,3.5289174377918244,5.875614424830235
5.176749125006609,-2.906050391793251,-4.765195412635803,5.362559827566147,7.74010749954245
5.18670512503013,-2.3558572196960452,-4.733629218935967,5.979910025596619,7.982269898731142
5.196661124995444,-3.308377420306206,-3.767707492411137,4.308160080313683,6.610690144090204
5.2066171250189655,-4.575006829798222,-2.2734801837801935,2.9121431905031208,5.880474266650207
5.216574124991894,-5.314137280583382,-1.8664043390750886,2.4319534689188003,6.134974968880528
5.226530125015415,-5.740764752626419,-2.502284071147442,2.979645202159882,6.935134537157192
5.236486125038937,-5.669024679064751,-2.874566936194897,3.3142129415273667,7.168331975034192
5.246442125004251,-5.079838764667511,-2.3215214923024177,2.8817826926708223,6.284814667276823
5.256398125027772,-4.063112043142319,-1.1505199326574802,1.6128018254041672,4.520365617800992
5.266354124993086,-3.2946446496248245,0.20989983916282656,-0.396892626285553,3.325096249220751
5.276311125024222,-2.613670313358307,1.6837092554569246,-2.536033322811127,4.012183243353956
5.286267125047743,-1.3352692893147469,2.7048444852232936,-3.676706982851029,4.755765133180516
5.296223125013057,0.02523227043449879,3.3879018920660022,-4.590629128217698,5.705470330356338
5.306179125036579,1.0868582260608675,3.850286549627781,-4.713709509372712,6.18263897187532
5.3161351250018924,1.807300683259964,3.5032016757130626,-4.431335186362267,5.9308927889756236
5.326091125025414,2.1367883616685868,2.382759674191475,-4.635369683504105,5.632944192006906
5.336048124998342,1.816474087536335,1.320691888332367,-4.999607364535332,5.480864801663493
5.346004125021864,0.8302245888859034,0.863526236191392,-5.155986469388008,5.293311525037408
5.355960125045385,-0.15221910327672958,0.37929864674806596,-4.691867235302925,4.709634409647569
5.365916125010699,-0.9683105333894492,0.26823597483336925,-3.2287623167037967,3.3814910801352465
5.3758721250342205,-1.0925080981850626,0.8847090905159712,-1.9064373010396958,2.368710050267246
5.385829125007149,-1.4288696171343327,1.2558623465895653,-1.0339239674806595,2.1651460428530016
5.39578512503067,-1.9164179134368897,1.1715492975711823,-0.23164329528808594,2.2580619991119057
5.405741124995984,-2.0148410247266293,0.5285070917755366,0.6834003460407257,2.1922454547671144
5.415697125019506,-2.5869081920385364,-0.1659982131421566,0.4810001456737519,2.636476918340202
5.425653125043027,-2.538100021183491,-0.23943244434893132,-0.5672097390890122,2.6117056689175304
5.435609125008341,-1.458818324804306,-0.14172664023935796,-1.3975640630722046,2.0251969424550462
5.445566125039477,-0.8352433271706105,0.020590677559375763,-2.0406735849380495,2.205085955660073
5.455522125004791,-0.4858425173163414,0.3483300384879112,-2.753802929520607,2.8179438145537157
5.465478125028312,-0.41640726998448374,0.4939947784692049,-2.7995035976171496,2.873090017511135
5.475434124993626,-0.7268367529660463,0.7072779627889395,-2.480632708668709,2.6799388831512845
5.4853901250171475,-1.0711341860890389,0.6094445431977511,-1.942183084487915,2.30017960809871
5.4953471250482835,-2.0049772104620933,-0.016216375529766083,-1.212489162683487,2.3431445868602694
5.505303125013597,-2.565173799097538,-0.43575526803731923,-0.6438363307714463,2.6803963315189065
5.515259125037119,-2.2803674729168417,-0.8145243032276631,0.0572319620847702,2.4221480445195183
5.525215125002433,-2.5057216492295264,-1.1637820024788381,0.12829317390918732,2.7657708999812125
5.535171125025954,-2.7438144233822825,-1.4149580678343774,-0.06093383431434632,3.0877721508969036
5.545127124991268,-3.0321403348445894,-1.5537949410080911,0.10018502354621887,3.408546723727981
5.555084125022404,-3.3980956354737284,-1.3779754520952703,0.40477876603603363,3.6891348774253863
5.565040125045925,-3.8399159279465676,-0.7927832590788603,0.9772966074943543,4.040862319925466
5.574996125011239,-4.380547440648079,-0.33996698521077634,1.792738192677498,4.745385512082904
5.584952125034761,-4.797936896681786,-0.06914325200021268,2.3252330124378204,5.332137265296934
5.5949081250000745,-4.8180311456322675,-0.021928155049681666,2.8148648178577425,5.580086818955397
5.6048651250312105,-4.825275845825672,-0.0754806835949421,2.959290459752083,5.660952600674582
5.614821124996524,-4.703464310467243,-0.15721474505960942,3.1596698623895647,5.668404240630352
5.624777125020046,-4.998174211978912,-0.28130106657743453,3.712653910517693,6.232549622957762
5.634733125043567,-5.854241082072258,-0.2479836317896843,3.755490027666092,6.959693949920329
5.644689125008881,-5.944211604595185,-0.2006279093027115,3.931138046979904,7.129358281262642
5.654645125032403,-5.905937485098839,-0.2475013826787472,3.994097356796265,7.134014872979337
5.664602125005331,-5.685220881700516,-0.32600756183266644,3.635996913313866,6.756366697991135
5.674558125028852,-5.262246165275574,-0.44870209984481335,3.1626952117681504,6.155908485423074
5.684514124994166,-5.688726287484169,-0.47260083965957167,1.9179773658514023,6.021926228664598
5.694470125017688,-4.4119616067409515,-0.7021144328266382,1.4173954796791077,4.686937149349716
5.704426125041209,-3.4483910456299784,-0.6886099959164859,1.604843180179596,3.865372706871367
5.7143831250141375,-3.2107903146743775,-0.4104242527484894,1.3382838213443757,3.5026598605235777
5.724339125037659,-2.6922981145977976,-0.12298123430460692,1.5128711557388306,3.090691290912841
5.734295125002973,-2.2344878800213337,-0.023861609995365143,2.0669100415706634,3.0439485183457764
5.744251125026494,-3.1820617747306827,-0.4692395677417517,1.9059630918502808,3.7387696128047434
5.754207124991808,-3.0425746911764144,0.10064611304551363,1.9077926856279375,3.5926401604939344
5.76416312501533,-2.0919165363907815,0.09906736481934786,3.1453131937980654,3.778746382740927
5.774119208334014,-2.6699491792917254,-0.07627170223742724,2.570735962986946,3.707172694110321
5.784075208357535,-2.8313156667351724,0.2536696470156312,1.8840828108787537,3.410346717383125
5.794031208381057,-2.484745055437088,0.2574629916250706,1.865810261964798,3.1179309030555404
5.803987208346371,-2.493768770992756,0.43462997138500215,1.261228628754616,2.828159038879373
5.813943208369892,-2.4485136607289317,0.5922106059640646,0.6890996271371842,2.6116643820968126
5.82390020834282,-2.257659957110882,0.59975680321455,0.4357163840532303,2.376254504946065
5.833856208366342,-1.955335957556963,0.6287207666784526,0.2637994730472565,2.070801456284005
5.843812208331656,-1.7737894132733345,0.5635443388670683,0.04432189464569092,1.8616862074083982
5.853768208355177,-1.6180128639936449,0.4115822207182646,-0.24639465093612672,1.6876243291888842
5.863724208378699,-1.5522157542407513,0.25971760489046575,-0.2881882095336914,1.5999623202180293
5.8736802083440125,-1.5974205784499647,0.20258636109530928,-0.25636064529418945,1.6304951758937871
5.8836372083751485,-1.6162581145763397,0.1730249583721161,-0.22729472100734713,1.6413076553015113
5.893593208340462,-1.7157704159617424,0.19133697599172594,-0.2399749928712845,1.743004863984826
5.903549208363984,-1.7622239130735398,0.10346754077821971,-0.24860957622528077,1.78267926817861
5.913505208329298,-1.6821356235444547,0.0059242892637848855,-0.2586305344104767,1.7019121911926072
5.923461208352819,-1.2647661942243578,-0.013727764002978803,-0.2470571404695511,1.2887432669908614
5.933417208376341,-1.5696188221871854,-0.07231752265244723,-0.1729372501373291,1.5807720782996946
5.943374208349269,-2.1383141925930977,-0.1322321141883731,-0.8609779465198517,2.3089296097242418
5.95333020837279,-1.4655383835732938,-0.2563657616078854,-0.7144151473045349,1.6504287806959663
5.963286208338104,-1.427992096245289,-0.07643246412277221,-0.48116796076297763,1.5088160772525245
5.973242208361626,-1.515331956446171,0.008346754163503648,-0.7392541193962098,1.6860596844644353
5.9831982083269395,-1.4438528148829937,0.0635796993970871,-0.8510984909534455,1.6772364086568716
5.9931552083580755,-1.3702047948539258,0.22963477671146393,-0.9041368299722672,1.6576057184470356
6.003111208381597,-1.3638151037693025,0.32190533805638555,-0.8535578298568726,1.6407850721067776
